"","Comparison..group1.group2.","Group","ProteinGroups","AVG.Log2.Ratio","Absolute.AVG.Log2.Ratio","Pvalue","Qvalue","X..of.Ratios","UniProtIds","Genes","ProteinDescriptions","ProteinNames","X..Unique.Total.Peptides","X..Change","Ratio","Condition.Numerator","Condition.Denominator","GO.Cellular.Component","GO.Molecular.Function","GO.Biological.Process","Label","minuslogqval","Color","Entry","Entry.name","Protein.names","Gene.names"
"1","Injured / Non-injured","P08249","P08249",-1.047033159,1.047033159,3.64e-11,5.38e-10,16,"P08249","mdh2","Malate dehydrogenase, mitochondrial","MDHM_MOUSE",23,-51.60376101,0.48396239,"Injured","Non-injured","nucleus,mitochondrion,mitochondrial inner membrane,mitochondrial matrix,membrane,myelin sheath,extracellular exosome","RNA binding,malate dehydrogenase activity,L-malate dehydrogenase activity,protein homodimerization activity,protein self-association,malate dehydrogenase (NADP+) activity","carbohydrate metabolic process,tricarboxylic acid cycle,oxaloacetate metabolic process,malate metabolic process,internal protein amino acid acetylation,NADH metabolic process,aerobic respiration",NA,9.26921772433361,"Blue","P08249","MDHM_MOUSE","Malate dehydrogenase, mitochondrial (EC 1.1.1.37)","Mdh2 Mor1"
"2","Injured / Non-injured","A0A0J9YUZ4;P63158","A0A0J9YUZ4;P63158",0.9753383,0.9753383,1.04e-10,1.02e-09,16,"A0A0J9YUZ4;P63158","hmgb1","High mobility group protein B1 (Fragment);High mobility group protein B1","A0A0J9YUZ4_MOUSE;HMGB1_MOUSE",15,96.61021778,1.966102178,"Injured","Non-injured",";condensed chromosome,extracellular region,extracellular space,nucleus,cytoplasm,early endosome,endoplasmic reticulum-Golgi intermediate compartment,plasma membrane,cell surface,transcriptional repressor complex,neuron projection",";four-way junction DNA binding,open form four-way junction DNA binding,crossed form four-way junction DNA binding,bubble DNA binding,lipopolysaccharide binding,phosphatidylserine binding,bent DNA binding,damaged DNA binding,double-stranded DNA binding,transcription factor activity, sequence-specific DNA binding,double-stranded RNA binding,single-stranded RNA binding,cytokine activity,protein binding,heparin binding,DNA binding, bending,calcium-dependent protein kinase regulator activity,lyase activity,C-X-C chemokine binding,protein kinase activator activity,DNA polymerase binding,repressing transcription factor binding,supercoiled DNA binding",";eye development,myeloid dendritic cell activation,positive regulation of protein phosphorylation,endothelial cell proliferation,positive regulation of mesenchymal cell proliferation,activation of innate immune response,plasmacytoid dendritic cell activation,macrophage activation involved in immune response,inflammatory response to antigenic stimulus,regulation of tolerance induction,regulation of T cell mediated immune response to tumor cell,base-excision repair,autophagy,inflammatory response,positive regulation of cytosolic calcium ion concentration,regulation of receptor activity,regulation of autophagy,negative regulation of RNA polymerase II transcriptional preinitiation complex assembly,lung development,positive regulation of cell migration,chromatin assembly,regulation of restriction endodeoxyribonuclease activity,activation of protein kinase activity,DNA geometric change,positive regulation of mismatch repair,negative regulation of interferon-gamma production,positive regulation of interferon-alpha production,positive regulation of interferon-beta production,positive regulation of interleukin-10 production,positive regulation of interleukin-12 production,positive regulation of interleukin-6 production,positive regulation of tumor necrosis factor production,V(D)J recombination,positive regulation of toll-like receptor 2 signaling pathway,positive regulation of toll-like receptor 4 signaling pathway,positive regulation of toll-like receptor 9 signaling pathway,T-helper 1 cell activation,endothelial cell chemotaxis,positive regulation of activated T cell proliferation,apoptotic cell clearance,positive regulation of cysteine-type endopeptidase activity involved in apoptotic process,negative regulation of CD4-positive, alpha-beta T cell differentiation,positive regulation of DNA binding,negative regulation of blood vessel endothelial cell migration,T-helper 1 cell differentiation,innate immune response,positive regulation of innate immune response,positive regulation of myeloid cell differentiation,positive regulation of glycogen catabolic process,positive regulation of mitotic cell cycle,positive regulation of transcription from RNA polymerase II promoter,positive regulation of JNK cascade,positive regulation of interleukin-1 beta secretion,induction of positive chemotaxis,positive regulation of DNA ligation,response to glucocorticoid,positive regulation of ERK1 and ERK2 cascade,positive regulation of monocyte chemotaxis,positive regulation of wound healing,neutrophil clearance,positive regulation of NIK/NF-kappaB signaling,positive regulation of sprouting angiogenesis,tumor necrosis factor secretion,negative regulation of apoptotic cell clearance,positive regulation of interleukin-6 secretion,regulation of nucleotide-excision repair,positive regulation of dendritic cell differentiation",NA,8.99139982823808,"Red","P63158","HMGB1_MOUSE","High mobility group protein B1 (High mobility group protein 1) (HMG-1)","Hmgb1 Hmg-1 Hmg1"
"3","Injured / Non-injured","Q9WUM4","Q9WUM4",1.042491829,1.042491829,4.4e-10,2.49e-09,16,"Q9WUM4","coro1c","Coronin-1C","COR1C_MOUSE",17,105.9782248,2.059782248,"Injured","Non-injured","cytoplasm,cytoskeleton,focal adhesion,actin cytoskeleton,lateral plasma membrane,flotillin complex,lamellipodium,vesicle","Rac GTPase binding,actin filament binding","actin cortical patch assembly,neural crest cell migration,regulation of protein phosphorylation,negative regulation of protein phosphorylation,phagocytosis,regulation of epithelial cell migration,negative regulation of epithelial cell migration,regulation of fibroblast migration,actin cytoskeleton organization,negative regulation of protein kinase activity by regulation of protein phosphorylation,establishment of protein localization,regulation of focal adhesion assembly,negative regulation of focal adhesion assembly,activation of GTPase activity,regulation of substrate adhesion-dependent cell spreading,negative regulation of substrate adhesion-dependent cell spreading,regulation of ruffle assembly,positive regulation of lamellipodium morphogenesis",NA,8.60380065290426,"Red","Q9WUM4","COR1C_MOUSE","Coronin-1C (Coronin-3)","Coro1c"
"4","Injured / Non-injured","P26039","P26039",0.820476265,0.820476265,6.54e-10,3.27e-09,16,"P26039","tln1","Talin-1","TLN1_MOUSE",118,76.59888876,1.765988888,"Injured","Non-injured","ruffle,cytoplasm,cytoskeleton,focal adhesion,cell surface,ruffle membrane,extracellular exosome","phosphatidylserine binding,integrin binding,structural constituent of cytoskeleton,protein binding,vinculin binding,LIM domain binding,phosphatidylinositol binding,cadherin binding,actin filament binding","cytoskeletal anchoring at plasma membrane,cell-substrate junction assembly,integrin-mediated signaling pathway,cortical actin cytoskeleton organization,integrin activation,platelet aggregation",NA,8.48545224733971,"Red","P26039","TLN1_MOUSE","Talin-1","Tln1 Tln"
"5","Injured / Non-injured","P26041","P26041",0.970636919,0.970636919,8.85e-10,4.03e-09,16,"P26041","msn","Moesin","MOES_MOUSE",39,95.97055725,1.959705573,"Injured","Non-injured","uropod,extracellular space,nucleus,cytoplasm,cytosol,cytoskeleton,plasma membrane,microvillus,focal adhesion,cell surface,basolateral plasma membrane,apical plasma membrane,filopodium,pseudopodium,microvillus membrane,vesicle,myelin sheath,apical part of cell,perinuclear region of cytoplasm,extracellular exosome,invadopodium,cell periphery,blood microparticle","double-stranded RNA binding,actin binding,receptor binding,enzyme binding,protein kinase binding,cell adhesion molecule binding","immunological synapse formation,regulation of cell shape,regulation of cell size,positive regulation of gene expression,gland morphogenesis,membrane to membrane docking,T cell proliferation,establishment of epithelial cell apical/basal polarity,establishment of endothelial barrier,T cell aggregation,cellular response to testosterone stimulus,positive regulation of podosome assembly,T cell migration,regulation of organelle assembly,positive regulation of protein localization to early endosome,positive regulation of cellular protein catabolic process,regulation of lymphocyte migration,positive regulation of early endosome to late endosome transport",NA,8.39469495385889,"Red","P26041","MOES_MOUSE","Moesin (Membrane-organizing extension spike protein)","Msn"
"6","Injured / Non-injured","P18242","P18242",2.563178336,2.563178336,1.2e-09,4.75e-09,16,"P18242","ctsd","Cathepsin D","CATD_MOUSE",20,491.0082773,5.910082773,"Injured","Non-injured","extracellular space,mitochondrion,lysosome,melanosome,membrane raft,extracellular exosome,extracellular matrix","aspartic-type endopeptidase activity,peptidase activity,hydrolase activity","autophagosome assembly,proteolysis,protein catabolic process,epithelial tube branching involved in lung morphogenesis",NA,8.32330639037513,"Red","P18242","CATD_MOUSE","Cathepsin D (EC 3.4.23.5)","Ctsd"
"7","Injured / Non-injured","Q8VDD5","Q8VDD5",1.792346399,1.792346399,1.79e-08,3.3e-08,16,"Q8VDD5","myh9","Myosin-9","MYH9_MOUSE",144,246.3777834,3.463777834,"Injured","Non-injured","stress fiber,ruffle,uropod,nucleus,cytoplasm,actomyosin contractile ring,cytosol,plasma membrane,brush border,cell-cell adherens junction,cell cortex,actin cytoskeleton,membrane,myosin complex,myosin II complex,cortical cytoskeleton,extracellular matrix,cell leading edge,cleavage furrow,actomyosin,protein complex,extracellular exosome,myosin II filament,immunological synapse,spindle,focal adhesion,COP9 signalosome,integrin complex,neuromuscular junction","microfilament motor activity,RNA binding,actin binding,protein binding,calmodulin binding,ATP binding,ATPase activity,protein domain specific binding,actin-dependent ATPase activity,protein homodimerization activity,protein anchor,ADP binding,cadherin binding,actin filament binding","meiotic spindle organization,cell morphogenesis involved in differentiation,angiogenesis,in utero embryonic development,establishment of T cell polarity,membrane protein ectodomain proteolysis,phagocytosis, engulfment,cell adhesion,myoblast fusion,regulation of cell shape,protein transport,actin filament-based movement,platelet formation,monocyte differentiation,actomyosin structure organization,actin cytoskeleton reorganization,cytokinetic process,uropod organization,blood vessel endothelial cell migration,establishment of meiotic spindle localization,membrane organization,platelet aggregation,cell-cell adhesion,negative regulation of actin filament severing,positive regulation of protein processing in phagocytic vesicle,actin filament polymerization,actin filament capping",NA,7.48148606012211,"Red","Q8VDD5","MYH9_MOUSE","Myosin-9 (Cellular myosin heavy chain, type A) (Myosin heavy chain 9) (Myosin heavy chain, non-muscle IIa) (Non-muscle myosin heavy chain A) (NMMHC-A) (Non-muscle myosin heavy chain IIa) (NMMHC II-a) (NMMHC-IIA)","Myh9"
"8","Injured / Non-injured","O08553","O08553",0.995791836,0.995791836,2.59e-08,4.39e-08,16,"O08553","dpysl2","Dihydropyrimidinase-related protein 2","DPYL2_MOUSE",26,99.41747457,1.994174746,"Injured","Non-injured","mitochondrion,cytosol,plasma membrane,axon,dendrite,growth cone,neuronal cell body,terminal bouton,myelin sheath,protein complex,extracellular exosome,microtubule,membrane","protein binding,microtubule binding,hydrolase activity, acting on carbon-nitrogen (but not peptide) bonds,protein kinase binding,identical protein binding","response to amphetamine,endocytosis,cytoskeleton organization,axon guidance,regulation of neuron projection development,positive regulation of glutamate secretion,spinal cord development,olfactory bulb development,regulation of axon extension,response to cocaine,response to drug,synaptic vesicle transport",NA,7.35753547975788,"Red","O08553","DPYL2_MOUSE","Dihydropyrimidinase-related protein 2 (DRP-2) (Unc-33-like phosphoprotein 2) (ULIP-2)","Dpysl2 Crmp2 Ulip2"
"9","Injured / Non-injured","P40142","P40142",0.77213027,0.77213027,3.75e-08,5.82e-08,16,"P40142","tkt","Transketolase","TKT_MOUSE",43,70.77896292,1.707789629,"Injured","Non-injured","nucleoplasm,nuclear body,nuclear speck,vesicle,myelin sheath,extracellular exosome","transketolase activity,protein homodimerization activity,metal ion binding,cofactor binding","regulation of growth,glyceraldehyde-3-phosphate biosynthetic process",NA,7.23507701535011,"Red","P40142","TKT_MOUSE","Transketolase (TK) (EC 2.2.1.1) (P68)","Tkt"
"10","Injured / Non-injured","P40142","P40142",0.77213027,0.77213027,3.75e-08,5.82e-08,16,"P40142","tkt","Transketolase","TKT_MOUSE",43,70.77896292,1.707789629,"Injured","Non-injured","nucleoplasm,nuclear body,nuclear speck,vesicle,myelin sheath,extracellular exosome","transketolase activity,protein homodimerization activity,metal ion binding,cofactor binding","regulation of growth,glyceraldehyde-3-phosphate biosynthetic process",NA,7.23507701535011,"Red","Q62371","DDR2_MOUSE","Discoidin domain-containing receptor 2 (Discoidin domain receptor 2) (EC 2.7.10.1) (CD167 antigen-like family member B) (Neurotrophic tyrosine kinase, receptor-related 3) (Receptor protein-tyrosine kinase TKT) (Tyrosine-protein kinase TYRO10) (CD antigen CD167b)","Ddr2 Ntrkr3 Tkt Tyro10"
"11","Injured / Non-injured","Q9QXS1-3","Q9QXS1-3",2.220177011,2.220177011,3.91e-08,5.99e-08,16,"Q9QXS1-3","plec","Isoform PLEC-1A of Plectin","PLEC_MOUSE",172,365.9506009,4.659506009,"Injured","Non-injured","","","",NA,7.22257317761069,"Red","Q9QXS1","PLEC_MOUSE","Plectin (PCN) (PLTN) (Plectin-1) (Plectin-6)","Plec Plec1"
"12","Injured / Non-injured","Q60605-2","Q60605-2",1.393776328,1.393776328,4.55e-08,6.86e-08,16,"Q60605-2","myl6","Isoform Smooth muscle of Myosin light polypeptide 6","MYL6_MOUSE",10,162.7655837,2.627655837,"Injured","Non-injured","","","",NA,7.16367588429325,"Red","Q60605","MYL6_MOUSE","Myosin light polypeptide 6 (17 kDa myosin light chain) (LC17) (Myosin light chain 3) (MLC-3) (Myosin light chain alkali 3) (Myosin light chain A3) (Smooth muscle and nonmuscle myosin light chain alkali 6)","Myl6 Myln"
"13","Injured / Non-injured","Q9WVA4","Q9WVA4",1.751058617,1.751058617,5.43e-08,7.89e-08,16,"Q9WVA4","tagln2","Transgelin-2","TAGL2_MOUSE",18,236.605469,3.36605469,"Injured","Non-injured","vesicle,extracellular exosome","cadherin binding","epithelial cell differentiation",NA,7.10292299679058,"Red","Q9WVA4","TAGL2_MOUSE","Transgelin-2 (SM22-beta)","Tagln2 Kiaa0120"
"14","Injured / Non-injured","P60843","P60843",0.989451735,0.989451735,5.49e-08,7.91e-08,16,"P60843","eif4a1","Eukaryotic initiation factor 4A-I","IF4A1_MOUSE",15,98.54303276,1.985430328,"Injured","Non-injured","nucleolus,cytoplasm,membrane,extracellular matrix,extracellular exosome","RNA binding,double-stranded RNA binding,translation initiation factor activity,ATP-dependent RNA helicase activity,protein binding,ATP binding","translational initiation,regulation of gene expression,RNA secondary structure unwinding",NA,7.10182351650232,"Red","P60843","IF4A1_MOUSE","Eukaryotic initiation factor 4A-I (eIF-4A-I) (eIF4A-I) (EC 3.6.4.13) (ATP-dependent RNA helicase eIF4A-1)","Eif4a1 Ddx2a Eif4a"
"15","Injured / Non-injured","Q64433","Q64433",-1.007691103,1.007691103,6.57e-08,9.06e-08,16,"Q64433","hspe1","10 kDa heat shock protein, mitochondrial","CH10_MOUSE",11,-50.26584407,0.497341559,"Injured","Non-injured","mitochondrion,mitochondrial matrix,membrane,extracellular exosome","RNA binding,ATP binding,metal ion binding,unfolded protein binding,chaperone binding","osteoblast differentiation,response to unfolded protein,chaperone mediated protein folding requiring cofactor",NA,7.04287180232319,"Blue","Q64433","CH10_MOUSE","10 kDa heat shock protein, mitochondrial (Hsp10) (10 kDa chaperonin) (Chaperonin 10) (CPN10)","Hspe1"
"16","Injured / Non-injured","P12023;P12023-3","P12023;P12023-3",1.092427731,1.092427731,6.8e-08,9.34e-08,16,"P12023;P12023-3","app","Amyloid beta A4 protein;Isoform APP751 of Amyloid beta A4 protein","A4_MOUSE",6,113.2325572,2.132325572,"Injured","Non-injured","extracellular space,nuclear envelope lumen,cytoplasm,endosome,smooth endoplasmic reticulum,rough endoplasmic reticulum,Golgi apparatus,plasma membrane,clathrin-coated pit,cell-cell junction,cell surface,membrane,integral component of membrane,ER to Golgi transport vesicle,axon,cytoplasmic vesicle,neuromuscular junction,ciliary rootlet,neuron projection,terminal bouton,dendritic spine,dendritic shaft,receptor complex,main axon,membrane raft,apical part of cell,perinuclear region of cytoplasm,spindle midzone,extracellular exosome,astrocyte projection,growth cone lamellipodium,growth cone filopodium;","DNA binding,serine-type endopeptidase inhibitor activity,receptor binding,protein binding,heparin binding,peptidase activator activity,enzyme binding,identical protein binding,transition metal ion binding,PTB domain binding,growth factor receptor binding;","positive regulation of protein phosphorylation,suckling behavior,astrocyte activation involved in immune response,mRNA polyadenylation,regulation of translation,protein phosphorylation,cellular copper ion homeostasis,endocytosis,response to oxidative stress,cell adhesion,regulation of epidermal growth factor-activated receptor activity,Notch signaling pathway,axonogenesis,learning or memory,learning,memory,mating behavior,locomotory behavior,axo-dendritic transport,cholesterol metabolic process,negative regulation of cell proliferation,adult locomotory behavior,visual learning,cellular process,response to lead ion,regulation of gene expression,positive regulation of gene expression,negative regulation of gene expression,positive regulation of peptidyl-threonine phosphorylation,negative regulation of endopeptidase activity,positive regulation of peptidase activity,positive regulation of G2/M transition of mitotic cell cycle,microglia development,axon midline choice point recognition,neuron remodeling,dendrite development,extracellular matrix organization,forebrain development,neuron projection development,positive regulation of protein binding,tumor necrosis factor production,positive regulation of peptidyl-serine phosphorylation,ionotropic glutamate receptor signaling pathway,regulation of multicellular organism growth,regulation of protein binding,negative regulation of neuron differentiation,positive regulation of mitotic cell cycle,positive regulation of transcription from RNA polymerase II promoter,positive regulation of JNK cascade,astrocyte activation,regulation of long-term neuronal synaptic plasticity,collateral sprouting in absence of injury,regulation of synapse structure or activity,synapse organization,neuromuscular process controlling balance,positive regulation of sequence-specific DNA binding transcription factor activity,synaptic growth at neuromuscular junction,positive regulation of protein metabolic process,protein homooligomerization,neuron apoptotic process,smooth endoplasmic reticulum calcium ion homeostasis,long-term synaptic potentiation,cellular response to cAMP,cellular response to norepinephrine stimulus,modulation of age-related behavioral decline,modulation of excitatory postsynaptic potential,positive regulation of long-term synaptic potentiation,positive regulation of beta-amyloid formation,cellular response to beta-amyloid,Requires Ontology,amyloid fibril formation,cellular response to nerve growth factor stimulus,neuron projection maintenance,positive regulation of T cell migration;",NA,7.02965312376991,"Red","P12023","A4_MOUSE","Amyloid-beta precursor protein (ABPP) (APP) (Alzheimer disease amyloid A4 protein homolog) (Alzheimer disease amyloid protein) (Amyloid precursor protein) (Amyloid-beta (A4) precursor protein) (Amyloid-beta A4 protein) (Amyloidogenic glycoprotein) (AG) [Cleaved into: N-APP; Soluble APP-alpha (S-APP-alpha); Soluble APP-beta (S-APP-beta); C99 (APP-C99) (Beta-secretase C-terminal fragment) (Beta-CTF); Amyloid-beta protein 42 (Abeta42) (Beta-APP42); Amyloid-beta protein 40 (Abeta40) (Beta-APP40); C83 (Alpha-secretase C-terminal fragment) (Alpha-CTF); P3(42); P3(40); C80; Gamma-secretase C-terminal fragment 59 (APP-C59) (Amyloid intracellular domain 59) (AID(59)) (Gamma-CTF(59)); Gamma-secretase C-terminal fragment 57 (APP-C57) (Amyloid intracellular domain 57) (AID(57)) (Gamma-CTF(57)); Gamma-secretase C-terminal fragment 50 (Amyloid intracellular domain 50) (AID(50)) (Gamma-CTF(50)); C31]","App A4 AD1"
"17","Injured / Non-injured","P10605","P10605",1.414820541,1.414820541,9.79e-08,1.22e-07,16,"P10605","ctsb","Cathepsin B","CATB_MOUSE",16,166.6265673,2.666265673,"Injured","Non-injured","extracellular space,nucleolus,mitochondrion,lysosome,melanosome,intracellular membrane-bounded organelle,perinuclear region of cytoplasm,extracellular exosome","cysteine-type endopeptidase activity,collagen binding,peptidase activity,cysteine-type peptidase activity,proteoglycan binding","proteolysis,collagen catabolic process,epithelial cell differentiation,decidualization,viral entry into host cell,regulation of catalytic activity,proteolysis involved in cellular protein catabolic process,cellular response to thyroid hormone stimulus",NA,6.91364016932525,"Red","P10605","CATB_MOUSE","Cathepsin B (EC 3.4.22.1) (Cathepsin B1) [Cleaved into: Cathepsin B light chain; Cathepsin B heavy chain]","Ctsb"
"18","Injured / Non-injured","O09131","O09131",1.233853186,1.233853186,1.39e-07,1.56e-07,16,"O09131","gsto1","Glutathione S-transferase omega-1","GSTO1_MOUSE",10,135.1943146,2.351943146,"Injured","Non-injured","cytoplasm,cytosol,extracellular exosome","glutathione transferase activity,oxidoreductase activity,glutathione dehydrogenase (ascorbate) activity,methylarsonate reductase activity","glutathione metabolic process,toxin catabolic process,regulation of release of sequestered calcium ion into cytosol by sarcoplasmic reticulum,L-ascorbic acid metabolic process,xenobiotic catabolic process,oxidation-reduction process,negative regulation of ryanodine-sensitive calcium-release channel activity,positive regulation of ryanodine-sensitive calcium-release channel activity,cellular response to arsenic-containing substance,cellular oxidant detoxification",NA,6.80687540164554,"Red","O09131","GSTO1_MOUSE","Glutathione S-transferase omega-1 (GSTO-1) (EC 2.5.1.18) (Glutathione S-transferase omega 1-1) (GSTO 1-1) (Glutathione-dependent dehydroascorbate reductase) (EC 1.8.5.1) (Monomethylarsonic acid reductase) (MMA(V) reductase) (EC 1.20.4.2) (S-(Phenacyl)glutathione reductase) (SPG-R) (p28)","Gsto1 Gstx Gtsttl"
"19","Injured / Non-injured","E9PZ00;Q8BFQ1","E9PZ00;Q8BFQ1",1.069460241,1.069460241,1.78e-07,1.88e-07,16,"E9PZ00;Q8BFQ1","psap","Prosaposin","E9PZ00_MOUSE;Q8BFQ1_MOUSE",17,109.8648048,2.098648048,"Injured","Non-injured",";",";",";",NA,6.72584215073632,"Red","Q61207","SAP_MOUSE","Prosaposin (Sulfated glycoprotein 1) (SGP-1) [Cleaved into: Saposin-A; Saposin-B-Val; Saposin-B; Saposin-C; Saposin-D]","Psap Sgp1"
"20","Injured / Non-injured","O88569","O88569",0.586028979,0.586028979,2.54e-07,2.54e-07,16,"O88569","hnrnpa2b1","Heterogeneous nuclear ribonucleoproteins A2/B1","ROA2_MOUSE",24,50.110925,1.50110925,"Injured","Non-injured","nucleus,nucleoplasm,spliceosomal complex,cytoplasm,membrane,intracellular ribonucleoprotein complex,extracellular exosome,catalytic step 2 spliceosome","RNA binding,mRNA 3'-UTR binding,miRNA binding,single-stranded telomeric DNA binding,pre-mRNA intronic binding,N6-methyladenosine-containing RNA binding","negative regulation of transcription from RNA polymerase II promoter,mRNA splicing, via spliceosome,mRNA processing,mRNA export from nucleus,primary miRNA processing,negative regulation of mRNA splicing, via spliceosome,RNA transport,miRNA transport",NA,6.59516628338006,"Red","O88569","ROA2_MOUSE","Heterogeneous nuclear ribonucleoproteins A2/B1 (hnRNP A2/B1)","Hnrnpa2b1 Hnrpa2b1"
"21","Injured / Non-injured","Q91VW3","Q91VW3",1.903077039,1.903077039,3.63e-07,3.45e-07,16,"Q91VW3","sh3bgrl3","SH3 domain-binding glutamic acid-rich-like protein 3","SH3L3_MOUSE",4,274.0100505,3.740100505,"Injured","Non-injured","cytoplasm,nuclear body,extracellular exosome","electron carrier activity,protein disulfide oxidoreductase activity","cell redox homeostasis,oxidation-reduction process",NA,6.46218090492673,"Red","Q91VW3","SH3L3_MOUSE","SH3 domain-binding glutamic acid-rich-like protein 3","Sh3bgrl3"
"22","Injured / Non-injured","A1BN54","A1BN54",2.255451065,2.255451065,3.72e-07,3.5e-07,16,"A1BN54","actn1","Alpha actinin 1a","A1BN54_MOUSE",42,377.4835611,4.774835611,"Injured","Non-injured","","","",NA,6.45593195564972,"Red","Q7TPR4","ACTN1_MOUSE","Alpha-actinin-1 (Alpha-actinin cytoskeletal isoform) (F-actin cross-linking protein) (Non-muscle alpha-actinin-1)","Actn1"
"23","Injured / Non-injured","P14152","P14152",-1.143738405,1.143738405,4.06e-07,3.76e-07,16,"P14152","mdh1","Malate dehydrogenase, cytoplasmic","MDHC_MOUSE",18,-54.74147115,0.452585289,"Injured","Non-injured","extracellular space,mitochondrion,cytosol,myelin sheath,extracellular exosome","L-malate dehydrogenase activity,NAD binding","carbohydrate metabolic process,tricarboxylic acid cycle,oxaloacetate metabolic process,malate metabolic process,NADH metabolic process",NA,6.42481215507234,"Blue","P14152","MDHC_MOUSE","Malate dehydrogenase, cytoplasmic (EC 1.1.1.37) (Cytosolic malate dehydrogenase)","Mdh1 Mor2"
"24","Injured / Non-injured","P62962","P62962",1.501111936,1.501111936,5.66e-07,4.92e-07,16,"P62962","pfn1","Profilin-1","PROF1_MOUSE",13,183.0607933,2.830607933,"Injured","Non-injured","extracellular region,extracellular space,nucleus,cytoplasm,cytosol,cytoskeleton,focal adhesion,cell cortex,membrane,neuron projection,synapse,extracellular exosome,blood microparticle","adenyl-nucleotide exchange factor activity,RNA binding,actin binding,actin monomer binding,receptor binding,protein binding,phosphatidylinositol-4,5-bisphosphate binding,Rho GTPase binding,cadherin binding,proline-rich region binding","neural tube closure,platelet degranulation,regulation of transcription from RNA polymerase II promoter,regulation of actin polymerization or depolymerization,positive regulation of epithelial cell migration,actin cytoskeleton organization,negative regulation of actin filament polymerization,positive regulation of actin filament polymerization,negative regulation of actin filament bundle assembly,positive regulation of actin filament bundle assembly,positive regulation of ATPase activity,sequestering of actin monomers,positive regulation of transcription from RNA polymerase II promoter,positive regulation of viral transcription,protein stabilization,positive regulation of DNA metabolic process,positive regulation of stress fiber assembly,negative regulation of stress fiber assembly,cellular response to growth factor stimulus,positive regulation of ruffle assembly",NA,6.30803489723264,"Red","P62962","PROF1_MOUSE","Profilin-1 (Profilin I)","Pfn1"
"25","Injured / Non-injured","G3UXZ5;P97371","G3UXZ5;P97371",1.292612023,1.292612023,6.49e-07,5.5e-07,16,"G3UXZ5;P97371","psme1","Proteasome activator complex subunit 1 (Fragment);Proteasome activator complex subunit 1","G3UXZ5_MOUSE;PSME1_MOUSE",13,144.9711786,2.449711786,"Injured","Non-injured",";proteasome complex,cytoplasm,proteasome activator complex,extracellular exosome",";protein binding,endopeptidase activator activity",";positive regulation of endopeptidase activity,antigen processing and presentation of exogenous antigen,regulation of proteasomal protein catabolic process,regulation of G1/S transition of mitotic cell cycle",NA,6.25963731050576,"Red","P97371","PSME1_MOUSE","Proteasome activator complex subunit 1 (11S regulator complex subunit alpha) (REG-alpha) (Activator of multicatalytic protease subunit 1) (Proteasome activator 28 subunit alpha) (PA28a) (PA28alpha)","Psme1"
"26","Injured / Non-injured","Q9WUU7","Q9WUU7",1.264843623,1.264843623,1.1e-06,8.25e-07,16,"Q9WUU7","ctsz","Cathepsin Z","CATZ_MOUSE",7,140.3011616,2.403011616,"Injured","Non-injured","extracellular space,lysosome,endoplasmic reticulum,cell surface,growth cone,cytoplasmic vesicle,intracellular membrane-bounded organelle,extracellular exosome,cell cortex region","carboxypeptidase activity,cysteine-type endopeptidase activity","proteolysis,negative regulation of plasminogen activation,negative regulation of neuron projection development,negative regulation of protein binding,positive regulation of neuron apoptotic process,proteolysis involved in cellular protein catabolic process,epithelial tube branching involved in lung morphogenesis,regulation of neuron death,positive regulation of neural precursor cell proliferation",NA,6.08354605145007,"Red","Q9WUU7","CATZ_MOUSE","Cathepsin Z (EC 3.4.18.1)","Ctsz"
"27","Injured / Non-injured","P16045","P16045",2.742345163,2.742345163,1.28e-06,9.35e-07,16,"P16045","lgals1","Galectin-1","LEG1_MOUSE",9,569.1571957,6.691571957,"Injured","Non-injured","extracellular region,proteinaceous extracellular matrix,extracellular space,intracellular,nucleus,cytosol,cell surface,extracellular matrix,extracellular exosome","RNA binding,signal transducer activity,protein binding,galactose binding,carbohydrate binding,lactose binding,protein homodimerization activity,laminin binding","plasma cell differentiation,receptor-mediated endocytosis,apoptotic process,heterophilic cell-cell adhesion via plasma membrane cell adhesion molecules,signal transduction,negative regulation of cell-substrate adhesion,negative regulation of neuron projection development,T cell costimulation,positive regulation of erythrocyte aggregation,response to isolation stress,response to drug,positive regulation of I-kappaB kinase/NF-kappaB signaling,myoblast differentiation,positive regulation of viral entry into host cell,response to axon injury,cellular response to glucose stimulus,cellular response to organic cyclic compound,maintenance of protein location",NA,6.02918838912748,"Red","P16045","LEG1_MOUSE","Galectin-1 (Gal-1) (14 kDa lectin) (Beta-galactoside-binding lectin L-14-I) (Galaptin) (Lactose-binding lectin 1) (Lectin galactoside-binding soluble 1) (S-Lac lectin 1)","Lgals1 Gbp"
"28","Injured / Non-injured","P08228","P08228",-1.09604533,1.09604533,1.46e-06,1.04e-06,16,"P08228","sod1","Superoxide dismutase [Cu-Zn]","SODC_MOUSE",11,-53.22029495,0.46779705,"Injured","Non-injured","extracellular space,nucleus,nucleoplasm,cytoplasm,mitochondrion,mitochondrial intermembrane space,lysosome,peroxisome,cytosol,extracellular matrix,dense core granule,cytoplasmic vesicle,dendrite cytoplasm,neuronal cell body,myelin sheath,protein complex,extracellular exosome,axon cytoplasm,plasma membrane","superoxide dismutase activity,copper ion binding,protein binding,zinc ion binding,protein phosphatase 2B binding,identical protein binding,Rac GTPase binding,chaperone binding","activation of MAPK activity,response to reactive oxygen species,response to superoxide,ovarian follicle development,positive regulation of cytokine production,retina homeostasis,response to amphetamine,myeloid cell homeostasis,glutathione metabolic process,superoxide metabolic process,cellular iron ion homeostasis,response to oxidative stress,spermatogenesis,embryo implantation,aging,cell aging,sensory perception of sound,locomotory behavior,anterograde axonal transport,retrograde axonal transport,regulation of blood pressure,response to heat,response to organic substance,transmission of nerve impulse,removal of superoxide radicals,response to nutrient levels,peripheral nervous system myelin maintenance,positive regulation of superoxide anion generation,response to carbon monoxide,cellular response to oxidative stress,cellular response to potassium ion,regulation of multicellular organism growth,response to drug,response to hydrogen peroxide,superoxide anion generation,negative regulation of apoptotic process,positive regulation of catalytic activity,regulation of GTPase activity,negative regulation of neuron apoptotic process,response to ethanol,negative regulation of cholesterol biosynthetic process,regulation of protein kinase activity,response to antibiotic,response to copper ion,muscle cell cellular homeostasis,response to axon injury,hydrogen peroxide biosynthetic process,regulation of mitochondrial membrane potential,oxidation-reduction process,heart contraction,neurofilament cytoskeleton organization,relaxation of vascular smooth muscle,auditory receptor cell stereocilium organization,cellular response to cadmium ion,cellular response to ATP,reactive oxygen species metabolic process,response to antipsychotic drug,positive regulation of oxidative stress-induced intrinsic apoptotic signaling pathway",NA,5.98296666070122,"Blue","P08228","SODC_MOUSE","Superoxide dismutase [Cu-Zn] (EC 1.15.1.1)","Sod1"
"29","Injured / Non-injured","Q5SQB0;Q61937","Q5SQB0;Q61937",1.495689079,1.495689079,1.82e-06,1.25e-06,16,"Q5SQB0;Q61937","npm1","Nucleophosmin","Q5SQB0_MOUSE;NPM_MOUSE",8,181.9988108,2.819988108,"Injured","Non-injured",";granular component,nucleus,nucleoplasm,nucleolus,cytoplasm,centrosome,cytosol,focal adhesion,large ribosomal subunit,small ribosomal subunit,membrane,nuclear matrix,nuclear speck,intracellular ribonucleoprotein complex,spindle pole centrosome,protein-DNA complex,protein complex",";core promoter binding,RNA polymerase II transcription coactivator activity,p53 binding,transcription coactivator activity,RNA binding,protein kinase inhibitor activity,protein binding,ATP binding,phosphatidylinositol-3,4,5-trisphosphate binding,transcription factor binding,rRNA binding,protein kinase binding,Tat protein binding,activating transcription factor binding,histone binding,protein homodimerization activity,ribosomal large subunit binding,ribosomal small subunit binding,protein kinase B binding,protein heterodimerization activity,protein N-terminus binding,NF-kappaB binding,unfolded protein binding",";ribosomal large subunit export from nucleus,ribosomal small subunit export from nucleus,cleavage in ITS2 between 5.8S rRNA and LSU-rRNA of tricistronic rRNA transcript (SSU-rRNA, 5.8S rRNA, LSU-rRNA),cardiac muscle hypertrophy,DNA repair,nucleosome assembly,rRNA export from nucleus,cell volume homeostasis,nucleocytoplasmic transport,centrosome cycle,cell aging,protein localization,positive regulation of cell proliferation,negative regulation of cell proliferation,rRNA transcription,posttranscriptional regulation of gene expression,negative regulation of gene expression,negative regulation of cardiac muscle cell apoptotic process,regulation of centrosome duplication,positive regulation of centrosome duplication,negative regulation of centrosome duplication,cell growth,positive regulation of cellular biosynthetic process,positive regulation of protein ubiquitination,regulation of protein stability,regulation of endodeoxyribonuclease activity,cellular response to UV,ribosomal large subunit biogenesis,ribosomal small subunit biogenesis,negative regulation of apoptotic process,regulation of DNA damage response, signal transduction by p53 class mediator,negative regulation of neuron apoptotic process,negative regulation of protein kinase activity by regulation of protein phosphorylation,positive regulation of translation,positive regulation of DNA replication,positive regulation of protein kinase activity,positive regulation of transcription, DNA-templated,positive regulation of transcription from RNA polymerase II promoter,regulation of centriole replication,negative regulation of mRNA splicing, via spliceosome,negative regulation of epithelial cell proliferation,protein stabilization,positive regulation of NF-kappaB transcription factor activity,protein oligomerization,protein homooligomerization,regulation of cell cycle,regulation of endoribonuclease activity,regulation of eIF2 alpha phosphorylation by dsRNA,cellular response to testosterone stimulus,cellular response to hypoxia,liver regeneration,positive regulation of DNA-directed DNA polymerase activity,positive regulation of cell cycle G2/M phase transition,positive regulation of protein localization to nucleolus",NA,5.90308998699194,"Red","Q61937","NPM_MOUSE","Nucleophosmin (NPM) (Nucleolar phosphoprotein B23) (Nucleolar protein NO38) (Numatrin)","Npm1"
"30","Injured / Non-injured","O88342","O88342",1.165658761,1.165658761,1.94e-06,1.32e-06,16,"O88342","wdr1","WD repeat-containing protein 1","WDR1_MOUSE",33,124.335628,2.24335628,"Injured","Non-injured","podosome,cytosol,cell-cell junction,actin cytoskeleton,cortical actin cytoskeleton,actomyosin, actin portion,cell projection,myelin sheath,extracellular exosome,actin filament","actin binding,actin filament binding","neutrophil mediated immunity,sensory perception of sound,regulation of cell shape,actin cytoskeleton organization,actin filament fragmentation,platelet formation,regulation of actin filament depolymerization,positive regulation of actin filament depolymerization,cortical cytoskeleton organization,establishment of planar polarity of follicular epithelium,apical junction assembly,maintenance of epithelial cell apical/basal polarity,sarcomere organization,regulation of oligodendrocyte differentiation,regulation of ventricular cardiac muscle cell membrane repolarization,neutrophil migration",NA,5.87942606879415,"Red","O88342","WDR1_MOUSE","WD repeat-containing protein 1 (Actin-interacting protein 1) (AIP1)","Wdr1"
"31","Injured / Non-injured","Q64449","Q64449",2.219363104,2.219363104,2.05e-06,1.38e-06,16,"Q64449","mrc2","C-type mannose receptor 2","MRC2_MOUSE",19,365.6878055,4.656878055,"Injured","Non-injured","plasma membrane,integral component of plasma membrane,focal adhesion,cell surface,membrane","transmembrane signaling receptor activity,collagen binding,carbohydrate binding","osteoblast differentiation,endocytosis,signal transduction,collagen catabolic process",NA,5.86012091359876,"Red","Q64449","MRC2_MOUSE","C-type mannose receptor 2 (Lectin lambda) (Macrophage mannose receptor 2) (CD antigen CD280)","Mrc2 Kiaa0709"
"32","Injured / Non-injured","B7FAU9;Q8BTM8","B7FAU9;Q8BTM8",2.206390638,2.206390638,2.41e-06,1.58e-06,16,"B7FAU9;Q8BTM8","flna","Filamin, alpha;Filamin-A","B7FAU9_MOUSE;FLNA_MOUSE",122,361.5191905,4.615191905,"Injured","Non-injured",";nucleus,nucleolus,cytoplasm,trans-Golgi network,cytosol,plasma membrane,brush border,cell-cell junction,focal adhesion,cell cortex,actin cytoskeleton,membrane,Z disc,growth cone,extracellular matrix,Myb complex,actin filament bundle,extracellular exosome,filamentous actin",";G-protein coupled receptor binding,RNA binding,actin binding,signal transducer activity,protein kinase C binding,protein binding,transcription factor binding,potassium channel regulator activity,Rho GTPase binding,Ral GTPase binding,kinase binding,small GTPase binding,Fc-gamma receptor I complex binding,protein homodimerization activity,ion channel binding,cadherin binding,Rac GTPase binding,actin filament binding,GTPase binding",";angiogenesis,epithelial to mesenchymal transition,blood vessel remodeling,heart morphogenesis,adenylate cyclase-inhibiting dopamine receptor signaling pathway,negative regulation of neuron projection development,negative regulation of transcription from RNA polymerase I promoter,actin cytoskeleton organization,regulation of cell migration,actin cytoskeleton reorganization,regulation of actin filament bundle assembly,protein localization to cell surface,negative regulation of protein catabolic process,positive regulation of transcription factor import into nucleus,negative regulation of apoptotic process,receptor clustering,positive regulation of I-kappaB kinase/NF-kappaB signaling,negative regulation of sequence-specific DNA binding transcription factor activity,wound healing, spreading of cells,early endosome to late endosome transport,establishment of protein localization,cell-cell junction organization,protein stabilization,cytoplasmic sequestering of protein,actin crosslink formation,cilium morphogenesis,platelet aggregation,semaphorin-plexin signaling pathway,protein localization to plasma membrane,mitotic spindle assembly,positive regulation of substrate adhesion-dependent cell spreading,positive regulation of potassium ion transmembrane transport,regulation of membrane repolarization during atrial cardiac muscle cell action potential,regulation of membrane repolarization during cardiac muscle cell action potential,positive regulation of integrin-mediated signaling pathway",NA,5.80134291304558,"Red","Q8BTM8","FLNA_MOUSE","Filamin-A (FLN-A) (Actin-binding protein 280) (ABP-280) (Alpha-filamin) (Endothelial actin-binding protein) (Filamin-1) (Non-muscle filamin)","Flna Fln Fln1"
"33","Injured / Non-injured","Q3THE2","Q3THE2",1.417746597,1.417746597,2.55e-06,1.65e-06,16,"Q3THE2","myl12b","Myosin regulatory light chain 12B","ML12B_MOUSE",12,167.1678847,2.671678847,"Injured","Non-injured","stress fiber,brush border,myosin II complex,Z disc,apical part of cell,extracellular exosome,cell cortex region","calcium ion binding,myosin heavy chain binding","regulation of cell shape,platelet aggregation",NA,5.78251605578609,"Red","Q3THE2","ML12B_MOUSE","Myosin regulatory light chain 12B (Myosin regulatory light chain 2-B, smooth muscle isoform) (Myosin regulatory light chain 20 kDa) (MLC20) (Myosin regulatory light chain MRLC2)","Myl12b Mrlc2 Mylc2b"
"34","Injured / Non-injured","Q8BGQ7","Q8BGQ7",0.745431799,0.745431799,5.01e-06,2.89e-06,16,"Q8BGQ7","aars","Alanine--tRNA ligase, cytoplasmic","SYAC_MOUSE",28,67.64759636,1.676475964,"Injured","Non-injured","cytosol,membrane,extracellular exosome,mitochondrion","tRNA binding,aminoacyl-tRNA editing activity,alanine-tRNA ligase activity,protein binding,ATP binding,amino acid binding,metal ion binding","tRNA modification,alanyl-tRNA aminoacylation,regulation of translational fidelity,cerebellar Purkinje cell layer development,negative regulation of neuron apoptotic process,neuromuscular process controlling balance,neuromuscular process",NA,5.53910215724345,"Red","Q8BGQ7","SYAC_MOUSE","Alanine--tRNA ligase, cytoplasmic (EC 6.1.1.7) (Alanyl-tRNA synthetase) (AlaRS) (Protein sticky) (Sti)","Aars1 Aars"
"35","Injured / Non-injured","P60710","P60710",0.891375053,0.891375053,5.77e-06,3.25e-06,16,"P60710","actb","Actin, cytoplasmic 1","ACTB_MOUSE",16,85.49432542,1.854943254,"Injured","Non-injured","nuclear chromatin,extracellular space,nucleus,cytosol,plasma membrane,focal adhesion,actin cytoskeleton,membrane,intracellular ribonucleoprotein complex,cortical cytoskeleton,vesicle,NuA4 histone acetyltransferase complex,cytoplasmic ribonucleoprotein granule,myelin sheath,protein complex,extracellular exosome,blood microparticle,dense body","protein binding,ATP binding,kinesin binding,Tat protein binding,identical protein binding,nitric-oxide synthase binding,structural constituent of postsynaptic actin cytoskeleton,RNA polymerase II core promoter proximal region sequence-specific DNA binding,RNA polymerase II distal enhancer sequence-specific DNA binding,nucleosomal DNA binding","retina homeostasis,substantia nigra development,ATP-dependent chromatin remodeling,membrane organization,platelet aggregation,postsynaptic actin cytoskeleton organization",NA,5.48811663902113,"Red","P60710","ACTB_MOUSE","Actin, cytoplasmic 1 (Beta-actin) [Cleaved into: Actin, cytoplasmic 1, N-terminally processed]","Actb"
"36","Injured / Non-injured","Q64727","Q64727",1.137824131,1.137824131,6.45e-06,3.53e-06,16,"Q64727","vcl","Vinculin","VINC_MOUSE",59,120.0488956,2.200488956,"Injured","Non-injured","podosome,cytoplasm,plasma membrane,brush border,cell-cell junction,adherens junction,cell-cell adherens junction,zonula adherens,fascia adherens,focal adhesion,actin cytoskeleton,sarcolemma,costamere,protein complex,membrane raft,extracellular exosome,outer dense plaque of desmosome,inner dense plaque of desmosome,extracellular vesicle,terminal web","dystroglycan binding,structural molecule activity,protein binding,ubiquitin protein ligase binding,alpha-catenin binding,cadherin binding,actin filament binding","morphogenesis of an epithelium,cell adhesion,lamellipodium assembly,regulation of cell migration,adherens junction assembly,protein localization to cell surface,apical junction assembly,axon extension,platelet aggregation,epithelial cell-cell adhesion",NA,5.45222529461218,"Red","Q64727","VINC_MOUSE","Vinculin (Metavinculin)","Vcl"
"37","Injured / Non-injured","Q9JII6","Q9JII6",-1.3377861,1.3377861,7.59e-06,4.02e-06,16,"Q9JII6","akr1a1","Alcohol dehydrogenase [NADP(+)]","AK1A1_MOUSE",26,-60.43726964,0.395627304,"Injured","Non-injured","extracellular space,cytosol,apical plasma membrane,extracellular exosome","alditol:NADP+ 1-oxidoreductase activity,alcohol dehydrogenase (NADP+) activity,L-glucuronate reductase activity","L-ascorbic acid biosynthetic process,D-glucuronate catabolic process,aldehyde catabolic process,oxidation-reduction process",NA,5.39577394691553,"Blue","Q9JII6","AK1A1_MOUSE","Aldo-keto reductase family 1 member A1 (EC 1.1.1.2) (EC 1.1.1.33) (EC 1.1.1.372) (EC 1.1.1.54) (Alcohol dehydrogenase [NADP(+)]) (Aldehyde reductase) (Glucuronate reductase) (EC 1.1.1.19) (Glucuronolactone reductase) (EC 1.1.1.20)","Akr1a1 Akr1a4"
"38","Injured / Non-injured","P58774-2","P58774-2",1.226854602,1.226854602,8.17e-06,4.28e-06,16,"P58774-2","tpm2","Isoform 2 of Tropomyosin beta chain","TPM2_MOUSE",17,134.0561384,2.340561384,"Injured","Non-injured","","","",NA,5.36855623098683,"Red","P58774","TPM2_MOUSE","Tropomyosin beta chain (Beta-tropomyosin) (Tropomyosin-2)","Tpm2 Tpm-2"
"39","Injured / Non-injured","Q61792","Q61792",0.872962028,0.872962028,9.28e-06,4.75e-06,16,"Q61792","lasp1","LIM and SH3 domain protein 1","LASP1_MOUSE",14,83.14191687,1.831419169,"Injured","Non-injured","cytoplasm,focal adhesion,cortical actin cytoskeleton,extracellular exosome","protein binding,ion transmembrane transporter activity,cadherin binding,metal ion binding,actin filament binding","ion transport,ion transmembrane transport",NA,5.32330639037513,"Red","Q61792","LASP1_MOUSE","LIM and SH3 domain protein 1 (LASP-1) (Metastatic lymph node gene 50 protein) (MLN 50)","Lasp1 Mln50"
"40","Injured / Non-injured","P40124","P40124",1.282400287,1.282400287,1.84e-05,8.39e-06,16,"P40124","cap1","Adenylyl cyclase-associated protein 1","CAP1_MOUSE",26,143.243337,2.43243337,"Injured","Non-injured","extracellular region,extracellular space,cytoplasm,cytosol,plasma membrane,focal adhesion,cortical actin cytoskeleton,extracellular exosome","actin binding,protein binding,adenylate cyclase binding","cell morphogenesis,ameboidal-type cell migration,platelet degranulation,receptor-mediated endocytosis,establishment or maintenance of cell polarity,signal transduction,actin polymerization or depolymerization,actin cytoskeleton organization,regulation of adenylate cyclase activity",NA,5.0762380391713,"Red","P40124","CAP1_MOUSE","Adenylyl cyclase-associated protein 1 (CAP 1)","Cap1 Cap"
"41","Injured / Non-injured","P40124","P40124",1.282400287,1.282400287,1.84e-05,8.39e-06,16,"P40124","cap1","Adenylyl cyclase-associated protein 1","CAP1_MOUSE",26,143.243337,2.43243337,"Injured","Non-injured","extracellular region,extracellular space,cytoplasm,cytosol,plasma membrane,focal adhesion,cortical actin cytoskeleton,extracellular exosome","actin binding,protein binding,adenylate cyclase binding","cell morphogenesis,ameboidal-type cell migration,platelet degranulation,receptor-mediated endocytosis,establishment or maintenance of cell polarity,signal transduction,actin polymerization or depolymerization,actin cytoskeleton organization,regulation of adenylate cyclase activity",NA,5.0762380391713,"Red","Q9ESD1","PRSS8_MOUSE","Prostasin (EC 3.4.21.-) (Channel-activating protease 1) (CAP1) (Serine protease 8) [Cleaved into: Prostasin light chain; Prostasin heavy chain]","Prss8 Cap1"
"42","Injured / Non-injured","Q9JKF1","Q9JKF1",1.245008279,1.245008279,2.54e-05,1.11e-05,16,"Q9JKF1","iqgap1","Ras GTPase-activating-like protein IQGAP1","IQGA1_MOUSE",78,137.0199143,2.370199143,"Injured","Non-injured","ruffle,nucleus,cytoplasm,microtubule,cell-cell junction,focal adhesion,membrane,lateral plasma membrane,axon,growth cone,midbody,intracellular ribonucleoprotein complex,extrinsic component of cytoplasmic side of plasma membrane,cell leading edge,slit diaphragm,cytoplasmic ribonucleoprotein granule,neuron projection,protein complex,membrane raft,extracellular exosome,actin cytoskeleton,microtubule cytoskeleton","protein binding,calmodulin binding,phosphatidylinositol-3,4,5-trisphosphate binding,Rho GTPase binding,protein kinase binding,protein phosphatase binding,protein domain specific binding,protein complex binding,protein serine/threonine kinase activator activity,S100 protein binding,cadherin binding,Rac GTPase binding,mitogen-activated protein kinase binding","regulation of cytokine production,epidermal growth factor receptor signaling pathway,fibroblast growth factor receptor signaling pathway,negative regulation of dephosphorylation,cellular response to platelet-derived growth factor stimulus,regulation of GTPase activity,positive regulation of MAP kinase activity,cellular response to fibroblast growth factor stimulus,positive regulation of protein kinase activity,platelet-derived growth factor receptor signaling pathway,positive regulation of focal adhesion assembly,cellular response to calcium ion,cellular response to epidermal growth factor stimulus,glomerular visceral epithelial cell development,positive regulation of dendrite development,positive regulation of peptidyl-tyrosine autophosphorylation,positive regulation of cellular protein localization,positive regulation of vascular associated smooth muscle cell migration,neuron projection extension,response to angiotensin",NA,4.95467702121334,"Red","Q9JKF1","IQGA1_MOUSE","Ras GTPase-activating-like protein IQGAP1","Iqgap1"
"43","Injured / Non-injured","P26883","P26883",0.90949377,0.90949377,2.83e-05,1.21e-05,16,"P26883","fkbp1a","Peptidyl-prolyl cis-trans isomerase FKBP1A","FKB1A_MOUSE",4,87.83862716,1.878386272,"Injured","Non-injured","cytoplasm,cytosol,membrane,sarcoplasmic reticulum,Z disc,extrinsic component of organelle membrane,sarcoplasmic reticulum membrane,axon terminus,extracellular exosome,cytoplasmic side of membrane,ryanodine receptor complex","peptidyl-prolyl cis-trans isomerase activity,signal transducer activity,protein binding,FK506 binding,drug binding,enzyme binding,Hsp70 protein binding,type I transforming growth factor beta receptor binding,protein homodimerization activity,ion channel binding,SMAD binding,activin binding","protein peptidyl-prolyl isomerization,negative regulation of protein phosphorylation,heart morphogenesis,muscle contraction,SMAD protein complex assembly,response to iron ion,cytokine-mediated signaling pathway,response to caffeine,positive regulation of protein ubiquitination,positive regulation of protein binding,negative regulation of phosphoprotein phosphatase activity,regulation of protein localization,regulation of activin receptor signaling pathway,T cell proliferation,positive regulation of I-kappaB kinase/NF-kappaB signaling,regulation of immune response,release of sequestered calcium ion into cytosol,ventricular cardiac muscle tissue morphogenesis,regulation of ryanodine-sensitive calcium-release channel activity,heart trabecula formation,chaperone-mediated protein folding,fibril organization,regulation of amyloid precursor protein catabolic process,amyloid fibril formation",NA,4.91721462968355,"Red","P26883","FKB1A_MOUSE","Peptidyl-prolyl cis-trans isomerase FKBP1A (PPIase FKBP1A) (EC 5.2.1.8) (12 kDa FK506-binding protein) (12 kDa FKBP) (FKBP-12) (Calstabin-1) (FK506-binding protein 1A) (FKBP-1A) (Immunophilin FKBP12) (Rotamase)","Fkbp1a Fkbp1"
"44","Injured / Non-injured","Q80X90","Q80X90",1.093628101,1.093628101,4.59e-05,1.84e-05,16,"Q80X90","flnb","Filamin-B","FLNB_MOUSE",106,113.4100476,2.134100476,"Injured","Non-injured","stress fiber,nucleus,cytoplasm,cytosol,plasma membrane,brush border,focal adhesion,cell cortex,Z disc,extracellular matrix,neuron projection,neuronal cell body,extracellular exosome","RNA binding,actin binding,protein binding,identical protein binding,cadherin binding","keratinocyte development,epithelial cell morphogenesis,skeletal muscle tissue development,actin cytoskeleton organization",NA,4.73518217699046,"Red","Q80X90","FLNB_MOUSE","Filamin-B (FLN-B) (ABP-280-like protein) (Actin-binding-like protein) (Beta-filamin)","Flnb"
"45","Injured / Non-injured","O70435","O70435",0.687330905,0.687330905,5.16e-05,2.04e-05,16,"O70435","psma3","Proteasome subunit alpha type-3","PSA3_MOUSE",11,61.03015808,1.610301581,"Injured","Non-injured","proteasome complex,nucleus,cytosol,proteasome core complex,proteasome core complex, alpha-subunit complex,synapse,extracellular exosome","threonine-type endopeptidase activity,protein binding","ubiquitin-dependent protein catabolic process,regulation of endopeptidase activity",NA,4.6903698325741,"Red","O70435","PSA3_MOUSE","Proteasome subunit alpha type-3 (Macropain subunit C8) (Multicatalytic endopeptidase complex subunit C8) (Proteasome component C8) (Proteasome subunit K)","Psma3"
"46","Injured / Non-injured","Q6XLQ8","Q6XLQ8",1.381664843,1.381664843,5.6e-05,2.18e-05,16,"Q6XLQ8","calu","Calumenin","Q6XLQ8_MOUSE",9,160.5688893,2.605688893,"Injured","Non-injured","","","",NA,4.66154350639539,"Red","O35887","CALU_MOUSE","Calumenin (Crocalbin)","Calu"
"47","Injured / Non-injured","M0QWP1","M0QWP1",1.081626416,1.081626416,8.82e-05,3.22e-05,16,"M0QWP1","agrn","Agrin","M0QWP1_MOUSE",43,111.6420674,2.116420674,"Injured","Non-injured","","","",NA,4.49214412830417,"Red","A2ASQ1","AGRIN_MOUSE","Agrin [Cleaved into: Agrin N-terminal 110 kDa subunit; Agrin C-terminal 110 kDa subunit; Agrin C-terminal 90 kDa fragment (C90); Agrin C-terminal 22 kDa fragment (C22)]","Agrn Agrin"
"48","Injured / Non-injured","Q07797","Q07797",2.82754729,2.82754729,9.27e-05,3.36e-05,16,"Q07797","lgals3bp","Galectin-3-binding protein","LG3BP_MOUSE",9,609.8662826,7.098662826,"Injured","Non-injured","proteinaceous extracellular matrix,extracellular space,membrane,extracellular matrix,extracellular exosome,blood microparticle","scavenger receptor activity,protein binding","receptor-mediated endocytosis,cell adhesion",NA,4.47366072261016,"Red","Q07797","LG3BP_MOUSE","Galectin-3-binding protein (Cyp-C-associated protein) (CyCAP) (Lectin galactoside-binding soluble 3-binding protein) (Protein MAMA)","Lgals3bp Cycap Mama"
"49","Injured / Non-injured","Q9CPU0","Q9CPU0",-0.593813688,0.593813688,0.000113461,4e-05,16,"Q9CPU0","glo1","Lactoylglutathione lyase","LGUL_MOUSE",14,-33.74109291,0.662589071,"Injured","Non-injured","nucleus,cytosol,plasma membrane,extracellular exosome","lactoylglutathione lyase activity,zinc ion binding","carbohydrate metabolic process,regulation of transcription from RNA polymerase II promoter,glutathione metabolic process,methylglyoxal catabolic process to D-lactate via S-lactoyl-glutathione,osteoclast differentiation,negative regulation of apoptotic process",NA,4.39794000867204,"Blue","Q9CPU0","LGUL_MOUSE","Lactoylglutathione lyase (EC 4.4.1.5) (Aldoketomutase) (Glyoxalase I) (Glx I) (Ketone-aldehyde mutase) (Methylglyoxalase) (S-D-lactoylglutathione methylglyoxal lyase)","Glo1"
"50","Injured / Non-injured","A2AUD5;Q3TAI4;Q9CYZ2","A2AUD5;Q3TAI4;Q9CYZ2",0.687742495,0.687742495,0.000128538,4.46e-05,16,"A2AUD5;Q3TAI4;Q9CYZ2","tpd52l2","Tumor protein D54;Tumor protein D52-like 2, isoform CRA_c;Tumor protein D54","A2AUD5_MOUSE;Q3TAI4_MOUSE;TPD54_MOUSE",10,61.07610536,1.610761054,"Injured","Non-injured",";;cytoplasm,perinuclear region of cytoplasm",";;RNA binding,protein homodimerization activity,protein heterodimerization activity",";;biological_process",NA,4.35066514128786,"Red","Q9CYZ2","TPD54_MOUSE","Tumor protein D54 (Tumor protein D52-like 2)","Tpd52l2"
"51","Injured / Non-injured","F6VW30;F6YY69;P68254;P68254-2","F6VW30;F6YY69;P68254;P68254-2",0.66471177,0.66471177,0.00013982,4.8e-05,16,"F6VW30;F6YY69;P68254;P68254-2","ywhaq","14-3-3 protein theta (Fragment);14-3-3 protein theta (Fragment);14-3-3 protein theta;Isoform 2 of 14-3-3 protein theta","F6VW30_MOUSE;F6YY69_MOUSE;1433T_MOUSE;1433T_MOUSE",13,58.52515311,1.585251531,"Injured","Non-injured",";;cytoplasm,cytosol,focal adhesion,membrane,cytoplasmic vesicle membrane,protein complex,extracellular exosome;",";;protein binding,protein C-terminus binding,protein domain specific binding,identical protein binding,ion channel binding,protein N-terminus binding,14-3-3 protein binding;",";;protein targeting,signal transduction,small GTPase mediated signal transduction,substantia nigra development,negative regulation of ion transmembrane transport,negative regulation of transcription, DNA-templated;",NA,4.31875876262441,"Red","P68254","1433T_MOUSE","14-3-3 protein theta (14-3-3 protein tau)","Ywhaq"
"52","Injured / Non-injured","P17879","P17879",0.593586323,0.593586323,0.00014335,4.91e-05,16,"P17879","hspa1b","Heat shock 70 kDa protein 1B","HS71B_MOUSE",26,50.89932194,1.508993219,"Injured","Non-injured","zona pellucida receptor complex,intracellular,mitochondrion,mitochondrial matrix,centrosome,cell body","protein binding,ATP binding","binding of sperm to zona pellucida,response to heat,protein refolding,negative regulation of apoptotic process,negative regulation of cysteine-type endopeptidase activity involved in apoptotic process,positive regulation of microtubule nucleation,regulation of mitotic spindle assembly",NA,4.30891850787703,"Red","P17879","HS71B_MOUSE","Heat shock 70 kDa protein 1B (Heat shock 70 kDa protein 1) (HSP70.1)","Hspa1b Hcp70.1 Hsp70-1 Hsp70a1 Hspa1"
"53","Injured / Non-injured","O70400","O70400",2.185118306,2.185118306,0.000165785,5.59e-05,16,"O70400","pdlim1","PDZ and LIM domain protein 1","PDLI1_MOUSE",13,354.7640801,4.547640801,"Injured","Non-injured","transcription factor complex,cytoplasm,cytoskeleton,cell-cell adherens junction,focal adhesion","transcription coactivator activity,protein binding,metal ion binding,cadherin binding involved in cell-cell adhesion","response to hypoxia,regulation of transcription, DNA-templated,cell-cell adhesion",NA,4.25258819211358,"Red","O70400","PDLI1_MOUSE","PDZ and LIM domain protein 1 (C-terminal LIM domain protein 1) (Elfin) (LIM domain protein CLP-36)","Pdlim1 Clim1"
"54","Injured / Non-injured","Q05186","Q05186",2.338594159,2.338594159,0.000179454,6e-05,16,"Q05186","rcn1","Reticulocalbin-1","RCN1_MOUSE",6,405.8095088,5.058095088,"Injured","Non-injured","endoplasmic reticulum,endoplasmic reticulum lumen","calcium ion binding","in utero embryonic development,camera-type eye development",NA,4.22184874961636,"Red","Q05186","RCN1_MOUSE","Reticulocalbin-1","Rcn1 Rca1 Rcn"
"55","Injured / Non-injured","Q99K41","Q99K41",2.372454741,2.372454741,0.000244233,7.76e-05,16,"Q99K41","emilin1","EMILIN-1","EMIL1_MOUSE",12,417.8214546,5.178214546,"Injured","Non-injured","extracellular region,proteinaceous extracellular matrix,collagen trimer,extracellular space,extracellular matrix,integrin alpha4-beta1 complex,extracellular exosome,EMILIN complex","protein binding,extracellular matrix constituent conferring elasticity,identical protein binding,integrin binding involved in cell-matrix adhesion","cell-matrix adhesion,positive regulation of cell-substrate adhesion,cell migration,extracellular matrix organization,protein homotrimerization",NA,4.11013827874181,"Red","Q99K41","EMIL1_MOUSE","EMILIN-1 (Elastin microfibril interface-located protein 1) (Elastin microfibril interfacer 1)","Emilin1"
"56","Injured / Non-injured","P29416","P29416",1.555309039,1.555309039,0.000509193,0.000147303,16,"P29416","hexa","Beta-hexosaminidase subunit alpha","HEXA_MOUSE",9,193.8966755,2.938966755,"Injured","Non-injured","lysosome,membrane,azurophil granule,extracellular exosome","beta-N-acetylhexosaminidase activity,acetylglucosaminyltransferase activity,protein heterodimerization activity,Requires Ontology","skeletal system development,carbohydrate metabolic process,glycosaminoglycan biosynthetic process,ganglioside catabolic process,lysosome organization,sensory perception of sound,locomotory behavior,adult walking behavior,lipid storage,sexual reproduction,glycosaminoglycan metabolic process,myelination,cell morphogenesis involved in neuron differentiation,neuromuscular process controlling posture,neuromuscular process controlling balance,SMAD protein signal transduction",NA,3.83178840814598,"Red","P29416","HEXA_MOUSE","Beta-hexosaminidase subunit alpha (EC 3.2.1.52) (Beta-N-acetylhexosaminidase subunit alpha) (Hexosaminidase subunit A) (N-acetyl-beta-glucosaminidase subunit alpha)","Hexa"
"57","Injured / Non-injured","P20060","P20060",0.625932608,0.625932608,0.000540639,0.00015547,16,"P20060","hexb","Beta-hexosaminidase subunit beta","HEXB_MOUSE",14,54.32080861,1.543208086,"Injured","Non-injured","acrosomal vesicle,extracellular space,lysosome,membrane,azurophil granule,extracellular exosome","beta-N-acetylhexosaminidase activity,acetylglucosaminyltransferase activity,hydrolase activity,protein homodimerization activity,protein heterodimerization activity,Requires Ontology","skeletal system development,glycosphingolipid metabolic process,ganglioside catabolic process,cellular calcium ion homeostasis,lysosome organization,single fertilization,penetration of zona pellucida,sensory perception of sound,locomotory behavior,male courtship behavior,regulation of cell shape,phospholipid biosynthetic process,oligosaccharide catabolic process,lipid storage,sexual reproduction,glycosaminoglycan metabolic process,regulation of cellular metabolic process,myelination,astrocyte cell migration,cellular protein metabolic process,positive regulation of transcription from RNA polymerase II promoter,oogenesis,neuromuscular process controlling balance,neuromuscular process",NA,3.80835340143727,"Red","P20060","HEXB_MOUSE","Beta-hexosaminidase subunit beta (EC 3.2.1.52) (Beta-N-acetylhexosaminidase subunit beta) (Hexosaminidase subunit B) (N-acetyl-beta-glucosaminidase subunit beta)","Hexb"
"58","Injured / Non-injured","P21460","P21460",0.852007665,0.852007665,0.000640747,0.000180837,16,"P21460","cst3","Cystatin-C","CYTC_MOUSE",7,80.50110445,1.805011044,"Injured","Non-injured","extracellular region,basement membrane,extracellular space,lysosome,multivesicular body,endoplasmic reticulum,axon,nuclear membrane,neuronal cell body,contractile fiber,perinuclear region of cytoplasm,extracellular exosome","beta-amyloid binding,protease binding,endopeptidase inhibitor activity,cysteine-type endopeptidase inhibitor activity,identical protein binding","eye development,response to hypoxia,cell activation,apoptotic process,defense response,brain development,salivary gland development,embryo implantation,positive regulation of cell proliferation,response to toxic substance,response to carbohydrate,negative regulation of peptidase activity,negative regulation of collagen catabolic process,negative regulation of extracellular matrix disassembly,response to nutrient levels,response to estradiol,response to drug,circadian sleep/wake cycle, REM sleep,regulation of programmed cell death,positive regulation of DNA replication,negative regulation of proteolysis,response to axon injury,Sertoli cell development,negative regulation of elastin catabolic process,negative regulation of blood vessel remodeling,negative regulation of cell death,cellular response to hydrogen peroxide,fibril organization,negative regulation of cysteine-type endopeptidase activity",NA,3.74271270631731,"Red","P21460","CYTC_MOUSE","Cystatin-C (Cystatin-3)","Cst3"
"59","Injured / Non-injured","P19324","P19324",2.280006085,2.280006085,0.000668645,0.000187913,16,"P19324","serpinh1","Serpin H1","SERPH_MOUSE",19,385.6800021,4.856800021,"Injured","Non-injured","cytoplasm,endoplasmic reticulum,endoplasmic reticulum lumen,endoplasmic reticulum-Golgi intermediate compartment,membrane raft,extracellular exosome,extracellular space","RNA binding,serine-type endopeptidase inhibitor activity,protein binding,collagen binding,unfolded protein binding","chondrocyte development involved in endochondral bone morphogenesis,negative regulation of endopeptidase activity,collagen fibril organization,collagen biosynthetic process,protein maturation",NA,3.72604317395499,"Red","P19324","SERPH_MOUSE","Serpin H1 (47 kDa heat shock protein) (Collagen-binding protein) (Colligin) (Serine protease inhibitor J6)","Serpinh1 Cbp1 Hsp47"
"60","Injured / Non-injured","P20152","P20152",2.152209096,2.152209096,0.000800048,0.000220189,16,"P20152","vim","Vimentin","VIME_MOUSE",57,344.5079112,4.445079112,"Injured","Non-injured","cytoplasm,peroxisome,cytosol,cytoskeleton,intermediate filament,plasma membrane,focal adhesion,extracellular matrix,cell leading edge,cell projection,neuron projection,type III intermediate filament,extracellular exosome","double-stranded RNA binding,structural molecule activity,structural constituent of cytoskeleton,structural constituent of eye lens,protein binding,protein C-terminus binding,identical protein binding,scaffold protein binding,keratin filament binding","positive regulation of gene expression,negative regulation of neuron projection development,astrocyte development,intermediate filament-based process,intermediate filament organization,Bergmann glial cell differentiation,SMAD protein signal transduction,lens fiber cell development",NA,3.65720438090753,"Red","P20152","VIME_MOUSE","Vimentin","Vim"
"61","Injured / Non-injured","P11276","P11276",3.349137853,3.349137853,0.000814441,0.000223687,12,"P11276","fn1","Fibronectin","FINC_MOUSE",4,919.0393472,10.19039347,"Injured","Non-injured","fibrinogen complex,proteinaceous extracellular matrix,basement membrane,basal lamina,extracellular space,endoplasmic reticulum-Golgi intermediate compartment,apical plasma membrane,extracellular matrix,extracellular exosome,blood microparticle","protease binding,receptor binding,integrin binding,protein binding,protein C-terminus binding,heparin binding,peptidase activator activity,enzyme binding,identical protein binding,chaperone binding,disordered domain specific binding","angiogenesis,regulation of protein phosphorylation,acute-phase response,cell-substrate junction assembly,cell adhesion,cell-matrix adhesion,calcium-independent cell-matrix adhesion,positive regulation of cell proliferation,regulation of cell shape,positive regulation of gene expression,positive regulation of peptidase activity,peptide cross-linking,integrin activation,substrate adhesion-dependent cell spreading,endodermal cell differentiation,wound healing,positive regulation of axon extension,positive regulation of fibroblast proliferation,interaction with symbiont,interaction with other organism via secreted substance involved in symbiotic interaction,regulation of ERK1 and ERK2 cascade,positive regulation of substrate-dependent cell migration, cell attachment to substrate,negative regulation of transforming growth factor-beta secretion",NA,3.65035925502863,"Red","P11276","FINC_MOUSE","Fibronectin (FN) [Cleaved into: Anastellin]","Fn1"
"62","Injured / Non-injured","P28653","P28653",2.610737301,2.610737301,0.000977443,0.000262825,16,"P28653","bgn","Biglycan","PGS1_MOUSE",13,510.815766,6.10815766,"Injured","Non-injured","proteinaceous extracellular matrix,extracellular space,intracellular,cytoplasm,cell surface,transport vesicle,extracellular matrix,sarcolemma,extracellular exosome","protein kinase inhibitor activity,glycosaminoglycan binding,extracellular matrix binding","blood vessel remodeling,negative regulation of protein kinase activity,cytokine-mediated signaling pathway,peptide cross-linking via chondroitin 4-sulfate glycosaminoglycan,negative regulation of JAK-STAT cascade",NA,3.58033332691419,"Red","P28653","PGS1_MOUSE","Biglycan (Bone/cartilage proteoglycan I) (PG-S1)","Bgn"
"63","Injured / Non-injured","Q9R0E1","Q9R0E1",1.801857771,1.801857771,0.001678107,0.000425729,16,"Q9R0E1","plod3","Procollagen-lysine,2-oxoglutarate 5-dioxygenase 3","PLOD3_MOUSE",8,248.6689203,3.486689203,"Injured","Non-injured","endoplasmic reticulum,Golgi apparatus,trans-Golgi network,rough endoplasmic reticulum membrane,extracellular matrix,extracellular exosome","iron ion binding,procollagen-lysine 5-dioxygenase activity,L-ascorbic acid binding,procollagen glucosyltransferase activity","in utero embryonic development,endothelial cell morphogenesis,protein O-linked glycosylation,protein localization,peptidyl-lysine hydroxylation,neural tube development,collagen fibril organization,cellular response to hormone stimulus,collagen metabolic process,vasodilation,hydroxylysine biosynthetic process,epidermis morphogenesis,oxidation-reduction process,lung morphogenesis,basement membrane assembly",NA,3.37086676534787,"Red","Q9R0E1","PLOD3_MOUSE","Multifunctional procollagen lysine hydroxylase and glycosyltransferase LH3 [Includes: Procollagen-lysine,2-oxoglutarate 5-dioxygenase 3 (EC 1.14.11.4) (Lysyl hydroxylase 3) (LH3); Procollagen glycosyltransferase (EC 2.4.1.50) (EC 2.4.1.66) (Galactosylhydroxylysine-glucosyltransferase) (Procollagen galactosyltransferase) (Procollagen glucosyltransferase)]","Plod3"
"64","Injured / Non-injured","P05063","P05063",-0.8554684,0.8554684,0.002195663,0.000545583,16,"P05063","aldoc","Fructose-bisphosphate aldolase C","ALDOC_MOUSE",6,-44.73141431,0.552685857,"Injured","Non-injured","mitochondrion,extracellular exosome","fructose-bisphosphate aldolase activity,cytoskeletal protein binding","glycolytic process,fructose 1,6-bisphosphate metabolic process,epithelial cell differentiation",NA,3.26313917046524,"Blue","P05063","ALDOC_MOUSE","Fructose-bisphosphate aldolase C (EC 4.1.2.13) (Aldolase 3) (Brain-type aldolase) (Scrapie-responsive protein 2) (Zebrin II)","Aldoc Aldo3 Scrg2"
"65","Injured / Non-injured","Q8BND5;Q8BND5-2;Q8BND5-3","Q8BND5;Q8BND5-2;Q8BND5-3",2.78880902,2.78880902,0.002713756,0.000656534,16,"Q8BND5;Q8BND5-2;Q8BND5-3","qsox1","Sulfhydryl oxidase 1;Isoform 2 of Sulfhydryl oxidase 1;Isoform 3 of Sulfhydryl oxidase 1","QSOX1_MOUSE",12,591.0590634,6.910590634,"Injured","Non-injured","extracellular space,endoplasmic reticulum,Golgi apparatus,integral component of Golgi membrane,intracellular membrane-bounded organelle,intercellular bridge,extracellular exosome;;","protein disulfide isomerase activity,flavin-linked sulfhydryl oxidase activity;;","negative regulation of macroautophagy,cell redox homeostasis,oxidation-reduction process;;",NA,3.182742778135,"Red","Q8BND5","QSOX1_MOUSE","Sulfhydryl oxidase 1 (mSOx) (EC 1.8.3.2) (Quiescin Q6) (Skin sulfhydryl oxidase)","Qsox1 Qscn6 Sox"
"66","Injured / Non-injured","E9Q3Q6;E9Q4G8;Q61490","E9Q3Q6;E9Q4G8;Q61490",2.692073645,2.692073645,0.002937393,0.00070455,16,"E9Q3Q6;E9Q4G8;Q61490","alcam","CD166 antigen","E9Q3Q6_MOUSE;E9Q4G8_MOUSE;CD166_MOUSE",3,546.2416098,6.462416098,"Injured","Non-injured",";;immunological synapse,integral component of plasma membrane,focal adhesion,external side of plasma membrane,axon,dendrite,intrinsic component of plasma membrane,neuronal cell body,extracellular exosome,T cell receptor complex",";;protein binding,identical protein binding",";;adaptive immune response,cell adhesion,heterophilic cell-cell adhesion via plasma membrane cell adhesion molecules,axon guidance,motor neuron axon guidance,retinal ganglion cell axon guidance,axon extension involved in axon guidance,neuron projection extension",NA,3.15208818076107,"Red","Q61490","CD166_MOUSE","CD166 antigen (Activated leukocyte cell adhesion molecule) (BEN) (Protein DM-GRASP) (CD antigen CD166)","Alcam"
"67","Injured / Non-injured","Q80YX1-2","Q80YX1-2",3.903625298,3.903625298,0.003120049,0.000745337,16,"Q80YX1-2","tnc","Isoform 2 of Tenascin","TENA_MOUSE",35,1396.608841,14.96608841,"Injured","Non-injured","","","",NA,3.12764731899922,"Red","Q80YX1","TENA_MOUSE","Tenascin (TN) (Hexabrachion) (Tenascin-C) (TN-C)","Tnc Hxb"
"68","Injured / Non-injured","Q61576","Q61576",1.98456237,1.98456237,0.003536679,0.000835485,14,"Q61576","fkbp10","Peptidyl-prolyl cis-trans isomerase FKBP10","FKB10_MOUSE",8,295.742599,3.95742599,"Injured","Non-injured","nucleolus,cytoplasm,endoplasmic reticulum lumen","peptidyl-prolyl cis-trans isomerase activity,calcium ion binding,protein binding,FK506 binding","histone peptidyl-prolyl isomerization,chaperone-mediated protein folding",NA,3.07806134286898,"Red","Q61576","FKB10_MOUSE","Peptidyl-prolyl cis-trans isomerase FKBP10 (PPIase FKBP10) (EC 5.2.1.8) (65 kDa FK506-binding protein) (65 kDa FKBP) (FKBP-65) (FK506-binding protein 10) (FKBP-10) (Immunophilin FKBP65) (Rotamase)","Fkbp10 Fkbp-rs Fkbp1-rs Fkbp6 Fkbp65 Fkbprp"
"69","Injured / Non-injured","A2APM1;A2APM2;A2APM3;A2APM4;A2APM5;E9QKM8;P15379;P15379-10;P15379-11;P15379-2;P15379-3;P15379-4;P15379-5;P15379-6;P15379-7;P15379-8;P15379-9;Q3U8S1;Q80X37","A2APM1;A2APM2;A2APM3;A2APM4;A2APM5;E9QKM8;P15379;P15379-10;P15379-11;P15379-2;P15379-3;P15379-4;P15379-5;P15379-6;P15379-7;P15379-8;P15379-9;Q3U8S1;Q80X37",2.010429248,2.010429248,0.004261699,0.000984893,12,"A2APM1;A2APM2;A2APM3;A2APM4;A2APM5;E9QKM8;P15379;P15379-10;P15379-11;P15379-2;P15379-3;P15379-4;P15379-5;P15379-6;P15379-7;P15379-8;P15379-9;Q3U8S1;Q80X37","cd44","CD44 antigen;CD44 antigen;CD44 antigen;CD44 antigen;CD44 antigen;CD44 antigen;CD44 antigen;Isoform 8 of CD44 antigen;Isoform 9 of CD44 antigen;Isoform 13 of CD44 antigen;Isoform 12 of CD44 antigen;Isoform 4 of CD44 antigen;Isoform 6 of CD44 antigen;Isoform 7 of CD44 antigen;Isoform 2 of CD44 antigen;Isoform 3 of CD44 antigen;Isoform 5 of CD44 antigen;CD44 antigen;CD44 antigen","A2APM1_MOUSE;A2APM2_MOUSE;A2APM3_MOUSE;A2APM4_MOUSE;A2APM5_MOUSE;E9QKM8_MOUSE;CD44_MOUSE;CD44_MOUSE;CD44_MOUSE;CD44_MOUSE;CD44_MOUSE;CD44_MOUSE;CD44_MOUSE;CD44_MOUSE;CD44_MOUSE;CD44_MOUSE;CD44_MOUSE;Q3U8S1_MOUSE;Q80X37_MOUSE",3,302.9020786,4.029020786,"Injured","Non-injured",";;;;;;Golgi apparatus,cytosol,plasma membrane,focal adhesion,external side of plasma membrane,cell surface,integral component of membrane,basolateral plasma membrane,apical plasma membrane,lamellipodium membrane,macrophage migration inhibitory factor receptor complex,cell projection,extracellular exosome;;;;;;;;;;;;",";;;;;;type II transforming growth factor beta receptor binding,protein binding,hyaluronic acid binding,cytokine receptor activity,cytokine binding;;;;;;;;;;;;",";;;;;;branching involved in ureteric bud morphogenesis,wound healing involved in inflammatory response,positive regulation of adaptive immune response,negative regulation of mature B cell apoptotic process,cell adhesion,positive regulation of gene expression,Wnt signaling pathway,cytokine-mediated signaling pathway,hyaluronan catabolic process,positive regulation of peptidyl-serine phosphorylation,positive regulation of kinase activity,positive regulation of heterotypic cell-cell adhesion,negative regulation of apoptotic process,negative regulation of cysteine-type endopeptidase activity involved in apoptotic process,negative regulation of DNA damage response, signal transduction by p53 class mediator,wound healing, spreading of cells,cellular response to fibroblast growth factor stimulus,negative regulation of regulatory T cell differentiation,negative regulation of inflammatory response,positive regulation of peptidyl-tyrosine phosphorylation,branching involved in prostate gland morphogenesis,positive regulation of ERK1 and ERK2 cascade,monocyte aggregation,positive regulation of monocyte aggregation,negative regulation of intrinsic apoptotic signaling pathway in response to DNA damage by p53 class mediator,regulation of lamellipodium morphogenesis,negative regulation of CD4-positive, alpha-beta T cell proliferation;;;;;;;;;;;;",NA,3.00661094923206,"Red","P15379","CD44_MOUSE","CD44 antigen (Extracellular matrix receptor III) (ECMR-III) (GP90 lymphocyte homing/adhesion receptor) (HUTCH-I) (Hermes antigen) (Hyaluronate receptor) (Lymphocyte antigen 24) (Ly-24) (Phagocytic glycoprotein 1) (PGP-1) (Phagocytic glycoprotein I) (PGP-I) (CD antigen CD44)","Cd44 Ly-24"
"70","Injured / Non-injured","A0A087WSN6","A0A087WSN6",3.16785938,3.16785938,0.004595585,0.001054724,16,"A0A087WSN6","fn1","Fibronectin","A0A087WSN6_MOUSE",97,798.7123203,8.987123203,"Injured","Non-injured","","","",NA,2.97686117160686,"Red","P11276","FINC_MOUSE","Fibronectin (FN) [Cleaved into: Anastellin]","Fn1"
"71","Injured / Non-injured","E9PZ16","E9PZ16",0.741976113,0.741976113,0.004910408,0.001121175,16,"E9PZ16","hspg2","Basement membrane-specific heparan sulfate proteoglycan core protein","E9PZ16_MOUSE",111,67.24651085,1.672465108,"Injured","Non-injured","","","",NA,2.95032659471758,"Red","Q05793","PGBM_MOUSE","Basement membrane-specific heparan sulfate proteoglycan core protein (HSPG) [Cleaved into: Endorepellin; LG3 peptide]","Hspg2"
"72","Injured / Non-injured","Q9R0E2","Q9R0E2",1.348667573,1.348667573,0.007777729,0.001704928,12,"Q9R0E2","plod1","Procollagen-lysine,2-oxoglutarate 5-dioxygenase 1","PLOD1_MOUSE",5,154.6768054,2.546768054,"Injured","Non-injured","rough endoplasmic reticulum membrane,extracellular exosome,catalytic complex","iron ion binding,protein binding,procollagen-lysine 5-dioxygenase activity,L-ascorbic acid binding","response to hypoxia,epidermis development,peptidyl-lysine hydroxylation,hydroxylysine biosynthetic process,oxidation-reduction process",NA,2.76829395676705,"Red","Q9R0E2","PLOD1_MOUSE","Procollagen-lysine,2-oxoglutarate 5-dioxygenase 1 (EC 1.14.11.4) (Lysyl hydroxylase 1) (LH1)","Plod1 Plod"
"73","Injured / Non-injured","E9PX70;Q60847;Q60847-2;Q60847-5","E9PX70;Q60847;Q60847-2;Q60847-5",3.120269147,3.120269147,0.008349384,0.001813009,16,"E9PX70;Q60847;Q60847-2;Q60847-5","col12a1","Collagen alpha-1(XII) chain;Collagen alpha-1(XII) chain;Isoform 2 of Collagen alpha-1(XII) chain;Isoform 5 of Collagen alpha-1(XII) chain","E9PX70_MOUSE;COCA1_MOUSE;COCA1_MOUSE;COCA1_MOUSE",72,769.5500971,8.695500971,"Injured","Non-injured",";proteinaceous extracellular matrix,collagen trimer,extracellular space,extracellular matrix,extracellular exosome,extracellular vesicle;;",";;;",";cell adhesion,endodermal cell differentiation;;",NA,2.74160004000784,"Red","Q60847","COCA1_MOUSE","Collagen alpha-1(XII) chain","Col12a1"
"74","Injured / Non-injured","Q62009;Q62009-2;Q62009-3;Q62009-5","Q62009;Q62009-2;Q62009-3;Q62009-5",1.739797262,1.739797262,0.010110635,0.002154128,12,"Q62009;Q62009-2;Q62009-3;Q62009-5","postn","Periostin;Isoform 2 of Periostin;Isoform 3 of Periostin;Isoform 5 of Periostin","POSTN_MOUSE",18,233.9882299,3.339882299,"Injured","Non-injured","proteinaceous extracellular matrix,extracellular space,trans-Golgi network,extracellular matrix,neuromuscular junction;;;","heparin binding,metal ion binding;;;","response to hypoxia,negative regulation of cell-matrix adhesion,regulation of systemic arterial blood pressure,cell adhesion,regulation of Notch signaling pathway,response to mechanical stimulus,tissue development,response to muscle activity,positive regulation of smooth muscle cell migration,extracellular matrix organization,response to estradiol,cellular response to fibroblast growth factor stimulus,cellular response to vitamin K,cellular response to tumor necrosis factor,cellular response to transforming growth factor beta stimulus,negative regulation of substrate adhesion-dependent cell spreading,positive regulation of chemokine (C-C motif) ligand 2 secretion,neuron projection extension,bone regeneration;;;",NA,2.66672849414757,"Red","Q62009","POSTN_MOUSE","Periostin (PN) (Osteoblast-specific factor 2) (OSF-2)","Postn Osf2"
"75","Injured / Non-injured","Q02788","Q02788",1.473393498,1.473393498,0.016119696,0.00330342,16,"Q02788","col6a2","Collagen alpha-2(VI) chain","CO6A2_MOUSE",21,177.6742697,2.776742697,"Injured","Non-injured","extracellular region,proteinaceous extracellular matrix,collagen trimer,extracellular space,extracellular matrix,sarcolemma,protein complex,extracellular exosome,extracellular vesicle","","cell adhesion,response to glucose,protein heterotrimerization",NA,2.48103620617949,"Red","Q02788","CO6A2_MOUSE","Collagen alpha-2(VI) chain","Col6a2"
"76","Injured / Non-injured","P13020;P13020-2","P13020;P13020-2",0.929716618,0.929716618,0.01836641,0.00371377,16,"P13020;P13020-2","gsn","Gelsolin;Isoform 2 of Gelsolin","GELS_MOUSE",21,90.49017877,1.904901788,"Injured","Non-injured","ruffle,podosome,extracellular region,extracellular space,cytoplasm,cytosol,plasma membrane,focal adhesion,sarcoplasm,lamellipodium,actin cap,cortical actin cytoskeleton,myelin sheath,perinuclear region of cytoplasm,extracellular exosome,blood microparticle,nucleus;","actin binding,calcium ion binding,protein binding,protein domain specific binding,myosin II binding,actin filament binding;","phagocytosis, engulfment,aging,positive regulation of gene expression,oligodendrocyte development,striated muscle atrophy,vesicle-mediated transport,actin filament polymerization,protein destabilization,tissue regeneration,sequestering of actin monomers,actin nucleation,response to ethanol,negative regulation of viral entry into host cell,phosphatidylinositol-mediated signaling,actin filament severing,barbed-end actin filament capping,positive regulation of actin nucleation,response to folic acid,actin filament capping,cilium morphogenesis,cellular response to cadmium ion,regulation of podosome assembly,actin filament reorganization,renal protein absorption,hepatocyte apoptotic process,positive regulation of keratinocyte apoptotic process,regulation of wound healing, spreading of epidermal cells,regulation of establishment of T cell polarity,regulation of plasma membrane raft polarization,regulation of receptor clustering,positive regulation of protein processing in phagocytic vesicle,amyloid fibril formation,positive regulation of cysteine-type endopeptidase activity involved in apoptotic signaling pathway;",NA,2.43018499634849,"Red","P13020","GELS_MOUSE","Gelsolin (Actin-depolymerizing factor) (ADF) (Brevin)","Gsn Gsb"
"77","Injured / Non-injured","Q04857","Q04857",1.378992938,1.378992938,0.021195524,0.004220067,16,"Q04857","col6a1","Collagen alpha-1(VI) chain","CO6A1_MOUSE",17,160.0867562,2.600867562,"Injured","Non-injured","extracellular region,proteinaceous extracellular matrix,collagen trimer,extracellular space,lysosomal membrane,membrane,extracellular matrix,sarcolemma,protein complex,extracellular exosome","platelet-derived growth factor binding","osteoblast differentiation,cell adhesion,endodermal cell differentiation,protein heterotrimerization,cellular response to amino acid stimulus",NA,2.37468065389631,"Red","Q04857","CO6A1_MOUSE","Collagen alpha-1(VI) chain","Col6a1"
